<?xml version="1.0" encoding="UTF-8"?>

<mule xmlns="http://www.mulesoft.org/schema/mule/core" xmlns:doc="http://www.mulesoft.org/schema/mule/documentation"
	xmlns:spring="http://www.springframework.org/schema/beans" 
	xmlns:xsi="http://www.w3.org/2001/XMLSchema-instance" xmlns:http="http://www.mulesoft.org/schema/mule/http"
	xmlns:cxf="http://www.mulesoft.org/schema/mule/cxf"
	xsi:schemaLocation="http://www.springframework.org/schema/beans http://www.springframework.org/schema/beans/spring-beans-current.xsd
http://www.mulesoft.org/schema/mule/core http://www.mulesoft.org/schema/mule/core/current/mule.xsd
http://www.mulesoft.org/schema/mule/http http://www.mulesoft.org/schema/mule/http/current/mule-http.xsd
http://www.mulesoft.org/schema/mule/cxf http://www.mulesoft.org/schema/mule/cxf/current/mule-cxf.xsd">
	
	<http:listener-config name="listener-config" host="localhost"
		port="63081" doc:name="HTTP Listener Configuration"/>
    <flow name="esbFlow">
        <http:listener config-ref="listener-config" path="/PagosYa" doc:name="HTTP"/>
        <cxf:jaxws-service serviceClass="esb.MedioPagoLocal" doc:name="CXF"/>
        <component class="esb.MedioPagoLocalImp" doc:name="Java"/>
    </flow>
		
 	<flow name="MedioPagoLocal"><http:listener config-ref="listener-config" path="/MedioPagoLocal" doc:name="HTTP"/> 
 		<cxf:jaxws-service serviceClass="esb.MedioPagoLocal" doc:name="CXF"/>
 		<component class="esb.MedioPagoLocalImp" doc:name="Java"/> 
	</flow> 

	<flow name="MedioPagosYa">
		<http:listener config-ref="listener-config" path="/MedioPagosYa" doc:name="HTTP"/>
		<cxf:jaxws-service serviceClass="esb.MedioPagoLocal" doc:name="CXF"/>
		<component class="esb.MedioPagosYaImp" doc:name="Java"/>
	</flow>
</mule>